INSERT INTO building (building_id, building_name) VALUES
(1, 'Office Building'),
(2, 'Shopping Mall'),
(3, 'Library');

INSERT INTO floor (floor_id, floor_name, building_id) VALUES
(1, 'B1F', 1),
(2, '1F', 1),
(3, '2F', 1),
(4, '3F', 1),
(5, '4F', 1),
(6, '5F', 1),
(7, '6F', 1),
(8, '7F', 1),
(9, '8F', 1),
(10, 'B2F', 2),
(11, 'B1F', 2),
(12, '1F', 2),
(13, '2F', 2);

INSERT INTO space (space_id, space_name, space_area, space_type, floor_id) VALUES
(1, 'Computer Room', 35, 'Computer Room', 1),
(2, 'Restroom 1', 16, 'Restroom', 1),
(3, 'B101', 10, 'Parking Spot', 1),
(4, 'B102', 12, 'Parking Spot', 1),
(5, 'B103', 11, 'Parking Spot', 1),
(6, '101', 30, 'Office', 2),
(7, '102', 32, 'Office', 2),
(8, '103', 35, 'Office', 2),
(9, '105', 50, 'Meeting Room', 2),
(10, '106', 8, 'Pantry', 2),
(11, '107', 20, 'Meeting Room', 2),
(12, 'Uniqlo', 140, 'Store', 12),
(13, 'Nai Xue Cha', 40, 'Store', 12),
(14, 'Property Management Office', 30, 'General', 12),
(15, 'MUJI', 200, 'Store', 12);

INSERT INTO space_ammeter (id, space_id, meter_value, meter_at) VALUES
(1, 1, 100.50, '2023-09-10 00:00:00'),
(2, 1, 101.25, '2023-09-10 00:30:00'),
(3, 1, 102.10, '2023-09-10 01:00:00'),
(4, 1, 103.05, '2023-09-10 01:30:00'),
(5, 1, 104.20, '2023-09-10 02:00:00'),
(6, 1, 105.40, '2023-09-10 02:30:00'),
(7, 1, 106.75, '2023-09-10 03:00:00'),
(8, 1, 108.20, '2023-09-10 03:30:00'),
(9, 1, 109.80, '2023-09-10 04:00:00'),
(10, 1, 111.50, '2023-09-10 04:30:00'),
(11, 1, 113.30, '2023-09-10 05:00:00'),
(12, 1, 115.25, '2023-09-10 05:30:00'),
(13, 1, 117.35, '2023-09-10 06:00:00'),
(14, 1, 119.60, '2023-09-10 06:30:00'),
(15, 1, 122.00, '2023-09-10 07:00:00'),
(16, 1, 124.55, '2023-09-10 07:30:00'),
(17, 1, 127.30, '2023-09-10 08:00:00'),
(18, 1, 130.25, '2023-09-10 08:30:00'),
(19, 1, 133.40, '2023-09-10 09:00:00'),
(20, 1, 136.75, '2023-09-10 09:30:00'),
(21, 1, 140.30, '2023-09-10 10:00:00'),
(22, 1, 144.05, '2023-09-10 10:30:00'),
(23, 1, 148.00, '2023-09-10 11:00:00'),
(24, 1, 152.15, '2023-09-10 11:30:00'),
(25, 1, 156.50, '2023-09-10 12:00:00'),
(26, 1, 161.05, '2023-09-10 12:30:00'),
(27, 1, 165.80, '2023-09-10 13:00:00'),
(28, 1, 170.75, '2023-09-10 13:30:00'),
(29, 1, 175.90, '2023-09-10 14:00:00'),
(30, 1, 181.25, '2023-09-10 14:30:00'),
(31, 1, 186.80, '2023-09-10 15:00:00'),
(32, 1, 192.55, '2023-09-10 15:30:00'),
(33, 1, 198.50, '2023-09-10 16:00:00'),
(34, 1, 204.65, '2023-09-10 16:30:00'),
(35, 1, 211.00, '2023-09-10 17:00:00'),
(36, 1, 217.55, '2023-09-10 17:30:00'),
(37, 1, 224.30, '2023-09-10 18:00:00'),
(38, 1, 231.25, '2023-09-10 18:30:00'),
(39, 1, 238.40, '2023-09-10 19:00:00'),
(40, 1, 245.75, '2023-09-10 19:30:00'),
(41, 1, 253.30, '2023-09-10 20:00:00'),
(42, 1, 261.05, '2023-09-10 20:30:00'),
(43, 1, 268.90, '2023-09-10 21:00:00'),
(44, 1, 276.95, '2023-09-10 21:30:00'),
(45, 1, 285.20, '2023-09-10 22:00:00'),
(46, 1, 293.65, '2023-09-10 22:30:00'),
(47, 1, 302.30, '2023-09-10 23:00:00'),
(48, 1, 311.15, '2023-09-10 23:30:00'),
(49, 1, 320.20, '2023-09-11 00:00:00'),
(50, 1, 329.45, '2023-09-11 00:30:00'),
(51, 1, 338.90, '2023-09-11 01:00:00'),
(52, 1, 348.55, '2023-09-11 01:30:00'),
(53, 1, 358.40, '2023-09-11 02:00:00'),
(54, 1, 368.45, '2023-09-11 02:30:00'),
(55, 1, 378.70, '2023-09-11 03:00:00'),
(56, 1, 389.15, '2023-09-11 03:30:00'),
(57, 1, 399.80, '2023-09-11 04:00:00'),
(58, 1, 410.65, '2023-09-11 04:30:00'),
(59, 1, 421.70, '2023-09-11 05:00:00'),
(60, 1, 432.95, '2023-09-11 05:30:00'),
(61, 1, 444.40, '2023-09-11 06:00:00'),
(62, 1, 456.05, '2023-09-11 06:30:00'),
(63, 1, 467.90, '2023-09-11 07:00:00'),
(64, 1, 479.95, '2023-09-11 07:30:00'),
(65, 1, 492.20, '2023-09-11 08:00:00'),
(66, 1, 504.65, '2023-09-11 08:30:00'),
(67, 1, 517.30, '2023-09-11 09:00:00'),
(68, 1, 530.15, '2023-09-11 09:30:00'),
(69, 1, 543.20, '2023-09-11 10:00:00'),
(70, 1, 556.45, '2023-09-11 10:30:00'),
(71, 1, 569.90, '2023-09-11 11:00:00'),
(72, 1, 583.55, '2023-09-11 11:30:00'),
(73, 1, 597.40, '2023-09-11 12:00:00'),
(74, 1, 611.45, '2023-09-11 12:30:00'),
(75, 1, 625.70, '2023-09-11 13:00:00'),
(76, 1, 640.15, '2023-09-11 13:30:00'),
(77, 1, 654.80, '2023-09-11 14:00:00'),
(78, 1, 669.65, '2023-09-11 14:30:00'),
(79, 1, 684.70, '2023-09-11 15:00:00'),
(80, 1, 699.95, '2023-09-11 15:30:00'),
(81, 1, 715.40, '2023-09-11 16:00:00'),
(82, 1, 731.05, '2023-09-11 16:30:00'),
(83, 1, 746.90, '2023-09-11 17:00:00'),
(84, 1, 762.95, '2023-09-11 17:30:00'),
(85, 1, 779.20, '2023-09-11 18:00:00'),
(86, 1, 795.65, '2023-09-11 18:30:00'),
(87, 1, 812.30, '2023-09-11 19:00:00'),
(88, 1, 829.15, '2023-09-11 19:30:00'),
(89, 1, 846.20, '2023-09-11 20:00:00'),
(90, 1, 863.45, '2023-09-11 20:30:00'),
(91, 1, 880.90, '2023-09-11 21:00:00'),
(92, 1, 898.55, '2023-09-11 21:30:00'),
(93, 1, 916.40, '2023-09-11 22:00:00'),
(94, 1, 934.45, '2023-09-11 22:30:00'),
(95, 1, 952.70, '2023-09-11 23:00:00'),
(96, 1, 971.15, '2023-09-11 23:30:00'),
(97, 1, 989.80, '2023-09-12 00:00:00'),
(98, 1, 1008.65, '2023-09-12 00:30:00'),
(99, 1, 1027.70, '2023-09-12 01:00:00'),
(100, 1, 1047.95, '2023-09-12 01:30:00');

INSERT INTO space_environment (id, space_id, temperature, humidity, co2, pm25, voc, meter_at) VALUES
(1, 1, 30.50, 40.20, 400.80, 15.60, 5.40, '2023-09-10 00:00:00'),
(2, 1, 29.80, 42.10, 420.20, 16.80, 5.90, '2023-09-10 01:00:00'),
(3, 1, 30.20, 43.50, 440.60, 17.30, 6.30, '2023-09-10 02:00:00'),
(4, 1, 30.60, 45.20, 461.00, 17.90, 6.80, '2023-09-10 03:00:00'),
(5, 1, 31.10, 47.30, 481.40, 18.50, 7.20, '2023-09-10 04:00:00'),
(6, 1, 31.60, 49.10, 501.80, 19.10, 7.60, '2023-09-10 05:00:00'),
(7, 1, 32.00, 51.20, 522.20, 19.70, 8.00, '2023-09-10 06:00:00'),
(8, 1, 32.50, 53.10, 542.60, 20.20, 8.40, '2023-09-10 07:00:00'),
(9, 1, 33.00, 55.40, 563.00, 20.80, 8.80, '2023-09-10 08:00:00'),
(10, 1, 33.40, 57.10, 583.40, 21.40, 9.20, '2023-09-10 09:00:00'),
(11, 1, 33.90, 59.20, 603.80, 21.90, 9.60, '2023-09-10 10:00:00'),
(12, 1, 34.30, 61.00, 624.20, 22.50, 10.00, '2023-09-10 11:00:00'),
(13, 1, 34.80, 63.10, 644.60, 23.10, 10.40, '2023-09-10 12:00:00'),
(14, 1, 35.20, 65.20, 665.00, 23.60, 10.80, '2023-09-10 13:00:00'),
(15, 1, 35.70, 67.10, 685.40, 24.20, 11.20, '2023-09-10 14:00:00'),
(16, 1, 36.20, 69.20, 705.80, 24.80, 11.60, '2023-09-10 15:00:00'),
(17, 1, 36.60, 71.00, 726.20, 25.40, 12.00, '2023-09-10 16:00:00'),
(18, 1, 37.10, 73.10, 746.60, 25.90, 12.40, '2023-09-10 17:00:00'),
(19, 1, 37.50, 75.20, 767.00, 26.50, 12.80, '2023-09-10 18:00:00'),
(20, 1, 38.00, 77.10, 787.40, 27.10, 13.20, '2023-09-10 19:00:00'),
(21, 1, 38.50, 79.20, 807.80, 27.60, 13.60, '2023-09-10 20:00:00'),
(22, 1, 38.90, 81.00, 828.20, 28.20, 14.00, '2023-09-10 21:00:00'),
(23, 1, 39.40, 83.10, 848.60, 28.80, 14.40, '2023-09-10 22:00:00'),
(24, 1, 39.80, 85.20, 869.00, 29.30, 14.80, '2023-09-10 23:00:00'),
(25, 1, 40.30, 87.10, 889.40, 29.90, 15.20, '2023-09-11 00:00:00'),
(26, 1, 29.80, 40.50, 400.80, 15.60, 5.40, '2023-09-11 01:00:00'),
(27, 1, 30.20, 42.60, 420.20, 16.80, 5.90, '2023-09-11 02:00:00'),
(28, 1, 30.60, 44.40, 440.60, 17.30, 6.30, '2023-09-11 03:00:00'),
(29, 1, 31.10, 46.50, 461.00, 17.90, 6.80, '2023-09-11 04:00:00'),
(30, 1, 31.60, 48.20, 481.40, 18.50, 7.20, '2023-09-11 05:00:00'),
(31, 1, 32.00, 50.30, 501.80, 19.10, 7.60, '2023-09-11 06:00:00'),
(32, 1, 32.50, 52.10, 522.20, 19.70, 8.00, '2023-09-11 07:00:00'),
(33, 1, 33.00, 54.20, 542.60, 20.20, 8.40, '2023-09-11 08:00:00'),
(34, 1, 33.40, 56.30, 563.00, 20.80, 8.80, '2023-09-11 09:00:00'),
(35, 1, 33.90, 58.20, 583.40, 21.40, 9.20, '2023-09-11 10:00:00'),
(36, 1, 34.30, 60.30, 603.80, 21.90, 9.60, '2023-09-11 11:00:00'),
(37, 1, 34.80, 62.10, 624.20, 22.50, 10.00, '2023-09-11 12:00:00'),
(38, 1, 35.20, 64.20, 644.60, 23.10, 10.40, '2023-09-11 13:00:00'),
(39, 1, 35.70, 66.30, 665.00, 23.60, 10.80, '2023-09-11 14:00:00'),
(40, 1, 36.20, 68.10, 685.40, 24.20, 11.20, '2023-09-11 15:00:00'),
(41, 1, 36.60, 70.20, 705.80, 24.80, 11.60, '2023-09-11 16:00:00'),
(42, 1, 37.10, 72.30, 726.20, 25.40, 12.00, '2023-09-11 17:00:00'),
(43, 1, 37.50, 74.10, 746.60, 25.90, 12.40, '2023-09-11 18:00:00'),
(44, 1, 38.00, 76.20, 767.00, 26.50, 12.80, '2023-09-11 19:00:00'),
(45, 1, 38.50, 78.30, 787.40, 27.10, 13.20, '2023-09-11 20:00:00'),
(46, 1, 38.90, 80.10, 807.80, 27.60, 13.60, '2023-09-11 21:00:00'),
(47, 1, 39.40, 82.20, 828.20, 28.20, 14.00, '2023-09-11 22:00:00'),
(48, 1, 39.80, 84.30, 848.60, 28.80, 14.40, '2023-09-11 23:00:00'),
(49, 1, 40.30, 86.10, 869.00, 29.30, 14.80, '2023-09-12 00:00:00'),
(50, 1, 29.80, 40.50, 400.80, 15.60, 5.40, '2023-09-12 01:00:00'),
(51, 1, 30.20, 42.60, 420.20, 16.80, 5.90, '2023-09-12 02:00:00'),
(52, 1, 30.60, 44.40, 440.60, 17.30, 6.30, '2023-09-12 03:00:00'),
(53, 1, 31.10, 46.50, 461.00, 17.90, 6.80, '2023-09-12 04:00:00'),
(54, 1, 31.60, 48.20, 481.40, 18.50, 7.20, '2023-09-12 05:00:00'),
(55, 1, 32.00, 50.30, 501.80, 19.10, 7.60, '2023-09-12 06:00:00'),
(56, 1, 32.50, 52.10, 522.20, 19.70, 8.00, '2023-09-12 07:00:00'),
(57, 1, 33.00, 54.20, 542.60, 20.20, 8.40, '2023-09-12 08:00:00'),
(58, 1, 33.40, 56.30, 563.00, 20.80, 8.80, '2023-09-12 09:00:00'),
(59, 1, 33.90, 58.20, 583.40, 21.40, 9.20, '2023-09-12 10:00:00'),
(60, 1, 34.30, 60.30, 603.80, 21.90, 9.60, '2023-09-12 11:00:00'),
(61, 1, 34.80, 62.10, 624.20, 22.50, 10.00, '2023-09-12 12:00:00'),
(62, 1, 35.20, 64.20, 644.60, 23.10, 10.40, '2023-09-12 13:00:00'),
(63, 1, 35.70, 66.30, 665.00, 23.60, 10.80, '2023-09-12 14:00:00'),
(64, 1, 36.20, 68.10, 685.40, 24.20, 11.20, '2023-09-12 15:00:00'),
(65, 1, 36.60, 70.20, 705.80, 24.80, 11.60, '2023-09-12 16:00:00'),
(66, 1, 37.10, 72.30, 726.20, 25.40, 12.00, '2023-09-12 17:00:00'),
(67, 1, 37.50, 74.10, 746.60, 25.90, 12.40, '2023-09-12 18:00:00'),
(68, 1, 38.00, 76.20, 767.00, 26.50, 12.80, '2023-09-12 19:00:00'),
(69, 1, 38.50, 78.30, 787.40, 27.10, 13.20, '2023-09-12 20:00:00'),
(70, 1, 38.90, 80.10, 807.80, 27.60, 13.60, '2023-09-12 21:00:00'),
(71, 1, 39.40, 82.20, 828.20, 28.20, 14.00, '2023-09-12 22:00:00'),
(72, 1, 39.80, 84.30, 848.60, 28.80, 14.40, '2023-09-12 23:00:00'),
(73, 1, 40.30, 86.10, 869.00, 29.30, 14.80, '2023-09-13 00:00:00'),
(74, 1, 29.80, 40.50, 400.80, 15.60, 5.40, '2023-09-13 01:00:00'),
(75, 1, 30.20, 42.60, 420.20, 16.80, 5.90, '2023-09-13 02:00:00'),
(76, 1, 30.60, 44.40, 440.60, 17.30, 6.30, '2023-09-13 03:00:00'),
(77, 1, 31.10, 46.50, 461.00, 17.90, 6.80, '2023-09-13 04:00:00'),
(78, 1, 31.60, 48.20, 481.40, 18.50, 7.20, '2023-09-13 05:00:00'),
(79, 1, 32.00, 50.30, 501.80, 19.10, 7.60, '2023-09-13 06:00:00'),
(80, 1, 32.50, 52.10, 522.20, 19.70, 8.00, '2023-09-13 07:00:00'),
(81, 1, 33.00, 54.20, 542.60, 20.20, 8.40, '2023-09-13 08:00:00'),
(82, 1, 33.40, 56.30, 563.00, 20.80, 8.80, '2023-09-13 09:00:00'),
(83, 1, 33.90, 58.20, 583.40, 21.40, 9.20, '2023-09-13 10:00:00'),
(84, 1, 34.30, 60.30, 603.80, 21.90, 9.60, '2023-09-13 11:00:00'),
(85, 1, 34.80, 62.10, 624.20, 22.50, 10.00, '2023-09-13 12:00:00'),
(86, 1, 35.20, 64.20, 644.60, 23.10, 10.40, '2023-09-13 13:00:00'),
(87, 1, 35.70, 66.30, 665.00, 23.60, 10.80, '2023-09-13 14:00:00'),
(88, 1, 36.20, 68.10, 685.40, 24.20, 11.20, '2023-09-13 15:00:00'),
(89, 1, 36.60, 70.20, 705.80, 24.80, 11.60, '2023-09-13 16:00:00'),
(90, 1, 37.10, 72.30, 726.20, 25.40, 12.00, '2023-09-13 17:00:00'),
(91, 1, 37.50, 74.10, 746.60, 25.90, 12.40, '2023-09-13 18:00:00'),
(92, 1, 38.00, 76.20, 767.00, 26.50, 12.80, '2023-09-13 19:00:00'),
(93, 1, 38.50, 78.30, 787.40, 27.10, 13.20, '2023-09-13 20:00:00'),
(94, 1, 38.90, 80.10, 807.80, 27.60, 13.60, '2023-09-13 21:00:00'),
(95, 1, 39.40, 82.20, 828.20, 28.20, 14.00, '2023-09-13 22:00:00'),
(96, 1, 39.80, 84.30, 848.60, 28.80, 14.40, '2023-09-13 23:00:00'),
(97, 1, 40.30, 86.10, 869.00, 29.30, 14.80, '2023-09-14 00:00:00'),
(98, 1, 29.80, 40.50, 400.80, 15.60, 5.40, '2023-09-14 01:00:00'),
(99, 1, 30.20, 42.60, 420.20, 16.80, 5.90, '2023-09-14 02:00:00'),
(100, 1, 30.60, 44.40, 440.60, 17.30, 6.30, '2023-09-14 03:00:00');
